<?xml version='1.0' encoding='UTF-8'?>
<?compositeArtifactRepository version='1.0.0'?>
<repository name='Eclipse Koneki Update Site (stable)'
    type='org.eclipse.equinox.internal.p2.artifact.repository.CompositeArtifactRepository' version='1.0.0'>
  <properties size='1'>
    <property name='p2.timestamp' value='1328217589'/>
  </properties>
  <children size='4'>  
    <child location='commons'/>
    <child location='ldt'/>
    <child location='protocols'/>
    <child location='simulators'/>
  </children>
</repository>
